{"cameraMode":{"drawMode":0,"name":"Shaded","section":"Shading Mode"},"sceneLighting":true,"audioPlay":false,"sceneViewState":{"m_AlwaysRefresh":false,"showFog":true,"showSkybox":true,"showFlares":true,"showImageEffects":true,"showParticleSystems":true,"showVisualEffectGraphs":true,"m_FxEnabled":true},"in2DMode":false,"pivot":{"x":-19.291854858398439,"y":28.01817512512207,"z":-20.112985610961915},"rotation":{"x":0.3194712996482849,"y":0.39668312668800356,"z":-0.14980414509773255,"w":0.8476566076278687},"size":1.1666592359542847,"orthographic":false}